Year,Country Code,T2M,D2M,TP,Leptospirosis_Rate,Country Name,Temperature_Celsius,Dew_Point_Celsius,Relative_Humidity
2007,AT,288.2917831277533,283.9862485022026,1.0515155787,0.297074,Austria,15.141783127753342,10.836248502202636,75.47448655080682
2007,BE,290.0281229931973,286.0585110544218,0.7193374629,0.173471,Belgium,16.878122993197337,12.908511054421808,77.4449446695047
2007,BG,297.9589343427971,290.5485380126183,1.1015491479535,0.210635,Bulgaria,24.8089343427971,17.398538012618303,63.442021621978725
2007,CY,299.0403885173665,289.3041461638154,1.1514282222825,0.09586369999999998,Cyprus,25.890388517366546,16.154146163815426,54.973466480226875
2007,CZ,291.3699026586103,285.82238114803624,0.7982597348,0.11761299999999998,Czechia,18.219902658610295,12.672381148036266,70.06842311892815
2007,DE,289.9814175319149,285.382018787234,1.5050621034,0.140656,Germany,16.831417531914894,12.23201878723404,74.3049212224897
2007,DK,286.0059854334554,282.67088524216524,8.5001869141,0.405949,Denmark,12.85598543345543,9.520885242165264,80.16783563572574
2007,EE,291.6889739081886,286.8654777791563,1.8306102779,0.198579,Estonia,18.53897390818861,13.715477779156345,73.51781311161906
2007,EL,298.6067568720379,292.1886819146919,0.4257678989491,0.327724,Greece,25.456756872037943,19.03868191469195,67.6584612604738
2007,ES,299.1143504771784,289.38523215767634,0.305007934796,0.0753292,Spain,25.964350477178414,16.235232157676364,55.01686363253987
2007,FI,287.5677777825969,283.81351512876114,9.7868614205,0.179181,Finland,14.417777782596943,10.663515128761162,78.17609873236093
2007,HU,295.36711221884497,287.45568574468086,0.8312892919,0.14967,Hungary,22.21711221884499,14.305685744680886,60.86861154185763
2007,IT,296.78936467557253,290.9976726526717,0.7967357628926,0.166745,Italy,23.63936467557255,17.847672652671747,70.00593415015469
2007,LT,292.2279106805555,287.21408022222226,1.3625373849,0.167311,Lithuania,19.077910680555533,14.064080222222287,72.70996224336893
2007,LU,289.30404188010897,284.9744813079019,1.8392429361,0.546047,Luxembourg,16.15404188010899,11.82448130790192,75.52187721700882
2007,LV,292.5312171302149,286.78588404551203,1.42839050295,0.577375,Latvia,19.381217130214907,13.635884045512057,69.39368115980646
2007,MT,300.1256378947368,292.1688383488132,0.1000156402093,0.185292,Malta,26.97563789473685,19.018838348813233,61.77454233419819
2007,NL,289.2812351323829,285.8790235845214,1.0004062654,0.134911,Netherlands,16.131235132382926,12.729023584521428,80.263634766756
2007,PL,291.4354731462926,287.0460424248497,1.0579185472,0.277128,Poland,18.285473146292645,13.896042424849725,75.57592433504851
2007,RO,295.37330549968965,287.09504430167596,3.69371032427,0.141322,Romania,22.223305499689673,13.945044301675978,59.44083248788862
2007,SE,286.3501362594739,282.87533508247884,6.6763763383,0.267458,Sweden,13.200136259473936,9.725335082478864,79.46832118090298
2007,SI,293.4460282882883,288.19587414414417,0.499471664,0.099641,Slovenia,20.296028288288312,15.045874144144193,71.82728045853506
2007,SK,292.4695716942149,286.4005656198347,0.6411533359,0.240228,Slovakia,19.319571694214915,13.250565619834731,67.93427848602043
2007,UK,284.97592050147495,281.94731333333334,2.0846138001,0.125907,United Kingdom,11.825920501474968,8.797313333333364,81.69935768869304
2008,AT,282.9854194713656,279.44190678414094,1.2731933566,0.10062400000000002,Austria,9.83541947136564,6.291906784140963,78.60424234229428
2008,BE,287.7212992857143,284.0586095238095,0.51285743702,0.212928,Belgium,14.571299285714304,10.908609523809503,78.67647438725757
2008,BG,292.4588522607781,285.90180032597266,1.3114700320705,0.439879,Bulgaria,19.30885226077811,12.751800325972681,65.79987244082639
2008,CY,295.0491742871954,285.0390206428201,1.2688789355797,0.0776706,Cyprus,21.89917428719542,11.889020642820128,53.000642664146284
2008,CZ,285.80183812688824,282.05536435045315,1.1272182447,0.822282,Czechia,12.651838126888265,8.90536435045317,77.9487436868927
2008,DE,285.66923738297874,282.187347893617,1.5816593176,0.118529,Germany,12.519237382978758,9.037347893617039,79.33234678493507
2008,DK,282.78916864468863,279.2325161172161,11.2579479196,0.359638,Denmark,9.639168644688652,6.08251611721613,78.50340705279316
2008,EE,284.67026542183623,281.1673881761787,1.7066287998,0.391215,Estonia,11.520265421836257,8.017388176178713,79.07417675422678
2008,EL,294.7677363791469,288.466670985782,1.0025463107282,0.263875,Greece,21.617736379146947,15.316670985782025,67.38518754719065
2008,ES,295.95950232365146,288.3233804979253,0.6300048828,0.0951042,Spain,22.809502323651486,15.173380497925336,62.0951408466012
2008,FI,281.30590454594744,278.47996654648955,9.36690330589,0.108139,Finland,8.155904545947465,5.3299665464895725,82.36372446089891
2008,HU,287.603053768997,282.21906237082067,0.910482406,0.126454,Hungary,14.453053768996995,9.069062370820689,70.09848810506915
2008,IT,293.77412335877864,287.7063502385496,1.64666748098,0.163791,Italy,20.62412335877866,14.556350238549612,68.20252814589296
2008,LT,286.1575070833333,282.22482933333333,1.2298068992,0.348908,Lithuania,13.007507083333337,9.074829333333355,77.0310640859244
2008,LU,285.3308816893733,281.411273760218,0.9653244009,0.179319,Luxembourg,12.180881689373336,8.261273760218046,76.96793364378452
2008,LV,285.3487887484197,281.47911702907714,1.72099685671,0.587449,Latvia,12.198788748419702,8.329117029077167,77.23184640842187
2008,MT,297.23796302373586,290.1181540557276,0.7706737516354,0.523564,Malta,24.08796302373588,16.96815405572761,64.46127524069817
2008,NL,287.259586904277,283.7234667617108,1.2511558526,0.46045,Netherlands,14.109586904277023,10.573466761710847,79.27394198587699
2008,PL,286.5483695390781,283.009046513026,1.2533817274,0.124668,Poland,13.398369539078146,9.859046513026044,79.15403954678902
2008,RO,288.2201927312228,282.90275204220984,3.83322715565,0.147326,Romania,15.070192731222846,9.752752042209863,70.53283123418086
2008,SE,281.728366727597,278.3225775345519,7.2875442483,0.305286,Sweden,8.578366727597029,5.17257753455192,79.16845203325154
2008,SI,287.9100163063063,283.22691324324325,0.571882246,0.09787279999999998,Slovenia,14.76001630630634,10.076913243243268,73.53394160703483
2008,SK,285.4916579338843,281.4367665289256,1.2176322953,0.0936622,Slovakia,12.341657933884335,8.286766528925625,76.29074037856307
2008,UK,283.0571839675516,279.5201749557522,2.7578258522,0.309341,United Kingdom,9.907183967551646,6.370174955752248,78.65027249187027
2009,AT,288.9797056387665,284.5311610572687,1.0146713262,0.285272,Austria,15.82970563876654,11.381161057268741,74.87666173724307
2009,BE,290.5411358843537,286.7301019047619,0.8439559947,0.121748,Belgium,17.39113588435373,13.580101904761932,78.32778866612163
2009,BG,297.8765010410095,289.7290882334385,0.2284469604653,0.424939,Bulgaria,24.7265010410095,16.57908823343854,60.52978039703751
2009,CY,299.01328375842405,288.9496485018144,0.4308376311521,0.16064399999999998,Cyprus,25.863283758424075,15.799648501814431,53.829519691573424
2009,CZ,291.30036314199396,285.5393074622356,0.9802417751,0.394773,Czechia,18.150363141993978,12.38930746223565,69.08053206753955
2009,DE,290.57310219148934,285.3470207234043,1.3962936411,0.419889,Germany,17.423102191489363,12.197020723404307,71.40953248695881
2009,DK,286.46746261294265,282.8566847252747,7.02985190718,0.220227,Denmark,13.317462612942677,9.706684725274727,78.76408363846717
2009,EE,289.63401498759305,286.10091748138956,3.6136360179,0.08447689999999998,Estonia,16.48401498759307,12.950917481389581,79.62807116132576
2009,EL,298.6291818672986,292.317194028436,0.1436100003065,0.27153,Greece,25.47918186729862,19.16719402843603,68.11182419000045
2009,ES,299.7832287551867,290.0158628838174,0.1522502897195,0.0922594,Spain,26.633228755186735,16.865862883817442,55.04937641103411
2009,FI,284.42518492545406,281.47677361615615,11.7365589153,0.320467,Finland,11.275184925454084,8.326773616156174,82.07250075142952
2009,HU,294.859359118541,286.6567162917933,0.3474540708,0.253771,Hungary,21.709359118541045,13.506716291793339,59.61159738770113
2009,IT,297.700257471374,291.7498757919847,0.3163490300064,0.382414,Italy,24.55025747137404,18.599875791984744,69.48468757785595
2009,LT,291.53174581944444,286.255318875,1.9726409925,0.169538,Lithuania,18.38174581944446,13.105318875000023,71.35270758147037
2009,LU,289.95238215258854,285.4539141416894,1.37244796766,0.303492,Luxembourg,16.802382152588564,12.303914141689404,74.79446126528447
2009,LV,291.3588003666245,285.9610019721871,2.28751754862,0.227166,Latvia,18.20880036662453,12.811001972187114,70.7565459323558
2009,MT,300.3051017131063,292.66214681114553,0.1284828184304,0.137905,Malta,27.15510171310632,19.512146811145556,63.03351333709456
2009,NL,289.7258888594705,286.7497378818737,1.6953868858,0.125863,Netherlands,16.575888859470524,13.59973788187375,82.58514233649817
2009,PL,291.22118883767536,286.4241786973948,1.7894668559,0.108378,Poland,18.07118883767538,13.274178697394802,73.56292634569587
2009,RO,294.8565581378026,285.9258084792055,1.553846359391,0.128384,Romania,21.70655813780263,12.775808479205523,56.844247703345786
2009,SE,285.381228555506,281.9455950780205,6.78019142113,0.0666712,Sweden,12.23122855550605,8.79559507802054,79.53875555009998
2009,SI,294.0513508108108,288.7302792792793,0.3932228089,0.0645402,Slovenia,20.90135081081081,15.580279279279296,71.61146277366954
2009,SK,291.8570519421488,286.35844136363636,0.57516288774,0.066625,Slovakia,18.707051942148837,13.208441363636382,70.38644246042848
2009,UK,286.0980398820059,282.87236120943953,1.26862334963,0.0906466,United Kingdom,12.9480398820059,9.722361209439555,80.77132309387643
2010,AT,283.6215281938326,279.9508417621145,0.8359127038,0.28290199999999993,Austria,10.471528193832626,6.800841762114544,78.01631991758067
2010,BE,287.28708918367346,283.4085040136054,0.7007465363000001,0.142917,Belgium,14.137089183673481,10.258504013605432,77.48823103088793
2010,BG,292.25750543638276,285.80292931650894,2.54711150792,0.835628,Bulgaria,19.10750543638278,12.65292931650896,66.20018685328047
2010,CY,294.4120227993779,286.0679116433385,3.0933666234,0.198002,Cyprus,21.262022799377917,12.917911643338527,58.95796906550397
2010,CZ,286.12173419939575,282.1276916918429,0.6300621031,0.36871,Czechia,12.971734199395769,8.97769169184295,76.70735336672976
2010,DE,285.56097070212763,281.88791653191487,1.0007724767,0.107644,Germany,12.410970702127656,8.737916531914891,78.29944979330192
2010,DK,284.2733534920635,280.81750389906387,6.38661956979,0.11410700000000001,Denmark,11.12335349206353,7.667503899063888,79.26946045952953
2010,EE,283.5391522332506,280.30744117866004,1.57453918423,0.155671,Estonia,10.389152233250627,7.157441178660065,80.38655566898692
2010,EL,294.91429097630333,289.09676092890993,2.12765693544,0.430274,Greece,21.764290976303357,15.946760928909953,69.53326827035525
2010,ES,296.17361742738586,288.18478161825726,0.8347969048,0.153303,Spain,23.023617427385886,15.034781618257284,60.75149337736768
2010,FI,280.1401777717539,277.22873675792897,5.31965446593,0.153506,Finland,6.990177771753906,4.0787367579289935,81.72220519154142
2010,FR,289.7754471651786,284.6651803683036,1.66926574752,0.189677,France,16.625447165178628,11.515180368303618,71.80812416647068
2010,HU,288.470896443769,282.6237647112462,0.8338909152,1.8291900000000003,Hungary,15.320896443769016,9.473764711246247,68.11876155691766
2010,IT,294.13485665076337,288.10220251908396,1.90069961613,0.259932,Italy,20.98485665076339,14.952202519083983,68.42918225081529
2010,LT,285.38416094444443,282.1510088611111,1.63907051001,0.308999,Lithuania,12.234160944444454,9.001008861111131,80.63351184920312
2010,LU,285.0391559128065,281.4714450408719,1.4042968736,0.503311,Luxembourg,11.88915591280653,8.321445040871936,78.7813024024661
2010,LV,284.6150553855879,280.85982627054364,1.37486457678,0.199116,Latvia,11.465055385587902,7.709826270543658,77.71970512915621
2010,MT,297.634909752322,290.4750368627451,1.88007354592,0.576463,Malta,24.48490975232204,17.32503686274515,64.38323915315854
2010,NL,287.71008429735235,284.1013923625255,1.5650978102,0.937937,Netherlands,14.560084297352375,10.951392362525496,78.95747168317921
2010,PL,286.2287092184369,282.8349143486974,0.93854141104,0.52862,Poland,13.078709218436927,9.684914348697419,79.88384336656739
2010,RO,287.3648107386716,281.79717460583487,4.5120906811,0.17623699999999998,Romania,14.214810738671645,8.647174605834891,69.18794063403857
2010,SE,282.0840927507802,278.7403138341507,4.95499611079,0.153425,Sweden,8.934092750780223,5.59031383415072,79.56223348534208
2010,SI,288.57927756756754,283.60081297297296,0.24146079967,0.154007,Slovenia,15.429277567567567,10.450812972972983,72.21769191939687
2010,SK,286.04077342975205,282.0330740909091,0.7437820414,0.331669,Slovakia,12.890773429752073,8.883074090909133,76.62372338573161
2010,UK,285.0856148230089,281.81302794985254,1.7540721887,0.109392,United Kingdom,11.935614823008905,8.663027949852562,80.3780270553457
2011,AT,290.06008387665196,285.6162462555066,0.9294357297,0.10492,Austria,16.91008387665198,12.466246255506633,75.08132848164749
2011,BE,291.9043595578231,286.2844861564626,0.30136108401,0.1093,Belgium,18.754359557823136,13.134486156462629,69.84073673017215
2011,BG,296.40348378548896,288.35601200841216,0.4715843205455,0.104844,Bulgaria,23.25348378548898,15.206012008412188,60.57605276695762
2011,CY,296.85435209953346,286.27656025920163,0.5494728080361,0.09521,Cyprus,23.70435209953348,13.126560259201653,51.52474844307403
2011,CZ,292.3111675528701,285.7694668882175,0.5687255863,0.667731,Czechia,19.161167552870097,12.619466888217516,65.83465336586347
2011,DE,291.9166614680851,285.34150653191494,0.71606826758,0.308216,Germany,18.766661468085147,12.191506531914968,65.60617861850258
2011,DK,286.9964833211233,283.80131722018723,9.29339599071,0.13591,Denmark,13.846483321123344,10.651317220187252,81.0570852354268
2011,EE,288.70514708436724,284.9730638461538,2.2219619756,0.767548,Estonia,15.555147084367263,11.823063846153843,78.4611520234798
2011,EL,298.0359766729858,292.2055852701422,0.3854751581105,0.416884,Greece,24.885976672985805,19.055585270142217,70.07136674661575
2011,ES,299.8933455601659,290.649229253112,0.14015197726,0.302577,Spain,26.74334556016595,17.49922925311205,56.92944877191278
2011,FI,286.3852538330171,282.81655357278396,9.4051742545,0.13272,Finland,13.235253833017111,9.666553572783982,78.97455758375777
2011,FR,295.24297197544644,288.5073529910714,1.0468749994146,0.39044,France,22.09297197544646,15.357352991071423,65.62943302620916
2011,HU,295.2807376291793,287.80970826747716,0.59190750125,0.173164,Hungary,22.13073762917935,14.659708267477185,62.60497137799133
2011,IT,298.5612696183206,293.1758626335878,0.4818763731087,0.168663,Italy,25.411269618320603,20.02586263358785,72.13292261007126
2011,LT,290.1029047916667,284.88660258333334,1.21915054307,0.135855,Lithuania,16.952904791666697,11.736602583333365,71.36768243424861
2011,LU,291.82692880108993,285.84194,0.86252975393,0.246184,Luxembourg,18.676928801089957,12.691940000000045,68.17800307456395
2011,LV,289.0366309102402,284.338442414665,1.53505325086,0.259696,Latvia,15.886630910240228,11.188442414665019,73.65862973068073
2011,MT,300.7096846336429,293.03322505675953,0.1848678588715,0.348615,Malta,27.559684633642917,19.883225056759557,62.99086348241403
2011,NL,290.5445443991853,286.62488535641546,0.87576675405,0.510455,Netherlands,17.39454439918535,13.474885356415484,77.77658102126205
2011,PL,291.5398928256513,286.01037096192385,0.8586692818,0.621682,Poland,18.389892825651316,12.860370961923877,70.18377559136813
2011,RO,292.8288051086282,284.6947599751707,1.5815925596825,0.661609,Romania,19.67880510862824,11.544759975170734,59.39603995842827
2011,SE,287.08996817209095,283.5689750200624,5.57957077076,0.471825,Sweden,13.939968172090971,10.418975020062419,79.329442957279
2011,SI,295.09825765765765,289.4159427927928,0.3419494625,0.58828,Slovenia,21.948257657657678,16.265942792792828,70.17091256574557
2011,SK,292.16989276859505,286.14220971074377,0.5769920338,0.14347,Slovakia,19.01989276859507,12.992209710743793,68.0570419429259
2011,UK,286.4812415634218,283.89894796460175,2.6775093076,0.589162,United Kingdom,13.331241563421827,10.748947964601768,84.3657693944484
2012,AT,286.1750242290749,282.5801188105727,0.74319457937,0.16153899999999996,Austria,13.025024229074916,9.430118810572708,78.80483742072329
2012,BE,288.91337775510203,284.64525401360544,0.28362274091,0.222493,Belgium,15.763377755102056,11.49525401360546,75.76450558437996
2012,BG,292.8163356677182,286.4373681493165,1.597377776473,0.488392,Bulgaria,19.666335667718215,13.287368149316535,66.64560806281447
2012,CY,293.5207397407984,285.31593464489373,2.901100157666,0.195708,Cyprus,20.3707397407984,12.165934644893753,59.28472817186429
2012,CZ,288.53895407854986,283.78181296072506,0.43522071791,0.156243,Czechia,15.388954078549887,10.631812960725085,73.28297379307628
2012,DE,287.83846159574466,283.4823625744681,0.71577453499,0.152712,Germany,14.688461595744684,10.332362574468107,75.14520549983563
2012,DK,284.4171356532356,280.97196490435493,9.89995957434,0.156111,Denmark,11.267135653235641,7.821964904354957,79.34808255510166
2012,EE,286.3651350868486,283.08489812655085,1.63872718799,0.442001,Estonia,13.215135086848647,9.934898126550877,80.51300266348207
2012,EL,295.32464338388627,289.8891556587678,2.32367897176,0.444811,Greece,22.17464338388629,16.7391556587678,71.3235860014564
2012,ES,295.2601526763485,288.93468946058096,1.56975555484,0.135602,Spain,22.110152676348548,15.784689460580978,67.37997876620963
2012,FI,283.14016099213876,280.1003050501491,8.71881676169,0.187323,Finland,9.990160992138783,6.9503050501490975,81.39499305538183
2012,FR,291.45015985491074,285.9696659486607,1.84778785666,0.986713,France,18.30015985491076,12.819665948660713,70.39203181133043
2012,HU,291.61881471124616,284.4084858054711,0.23071861288,0.144164,Hungary,18.468814711246182,11.258485805471139,62.84854570409616
2012,IT,295.3577761354962,289.77774553435114,3.16753768794,0.225228,Italy,22.207776135496204,16.627745534351163,70.67803496096242
2012,LT,287.5131871111111,283.3456336666667,1.0066967015,0.131043,Lithuania,14.363187111111131,10.195633666666708,76.042859353592
2012,LU,287.5575882833788,283.4604870027248,0.8363094327,0.272231,Luxembourg,14.4075882833788,10.310487002724813,76.40861071281329
2012,LV,287.1125224525917,283.09389134007586,1.34663009722,0.492863,Latvia,13.962522452591713,9.94389134007588,76.73889798354429
2012,MT,297.2455633952528,291.46582901960784,2.82076644787,0.13778,Malta,24.09556339525284,18.31582901960786,70.14470207649629
2012,NL,288.2673219348269,284.5515329531568,0.75722503701,0.152381,Netherlands,15.117321934826919,11.401532953156845,78.48066576775969
2012,PL,288.34391194388775,283.93344094188376,0.7391109462,0.154935,Poland,15.19391194388777,10.783440941883782,74.95853512764253
2012,RO,289.8349958100559,282.64040648665423,1.6080951691,0.172632,Romania,16.68499581005591,9.490406486654251,62.507828394693185
2012,SE,283.5153269638877,280.1501805260811,8.61228752088,0.23120899999999997,Sweden,10.365326963887696,7.000180526081124,79.65207921464194
2012,SI,291.0688195495496,286.25709828828826,0.33610534631,0.349831,Slovenia,17.918819549549596,13.107098288288284,73.46571145960999
2012,SK,288.69499913223143,283.61561103305786,0.296358109,0.0887876,Slovakia,15.544999132231453,10.465611033057883,71.75480398351914
2012,UK,284.51616600294983,281.2547099705015,2.23282050968,0.479252,United Kingdom,11.366166002949853,8.104709970501517,80.35959464020756
2013,AT,288.20207687224666,284.4717667400881,1.4869861573,0.199368,Austria,15.052076872246687,11.321766740088151,78.39557840021136
2013,BE,290.0669261564626,286.0570405782313,1.186822891,0.48552300000000004,Belgium,16.916926156462637,12.907040578231317,77.24723593136784
2013,BG,299.27817284963197,292.1591166456362,0.3218479154096,0.2032,Bulgaria,26.128172849631994,19.009116645636198,64.89903116983902
2013,CY,300.4005815137377,289.00495866251947,0.3102855687345,0.758088,Cyprus,27.2505815137377,15.854958662519493,49.779135584915984
2013,CZ,291.0278693655589,286.91697459214504,1.876226424,0.218189,Czechia,17.877869365558922,13.766974592145061,76.8892290781985
2013,DE,289.8104106595745,285.92279772340424,2.6814289097,0.190613,Germany,16.660410659574495,12.772797723404267,77.82824693312088
2013,DK,286.284787004477,283.00250518111517,7.86305618404,0.202618,Denmark,13.134787004477005,9.852505181115191,80.49095878327043
2013,EE,292.64884080645163,287.25663275434243,2.5180320751,0.284293,Estonia,19.498840806451653,14.106632754342456,71.02514114222646
2013,EL,299.01915313744075,293.2600207393365,0.1319713592514,0.347905,Greece,25.869153137440776,20.110020739336505,70.56597279087853
2013,ES,299.4373286514523,290.276317219917,0.277416229315,0.20960699999999996,Spain,26.2873286514523,17.12631721991704,57.11863872288632
2013,FI,286.28156096232044,282.1651842802928,8.90745162896,0.501274,Finland,13.131560962320464,9.015184280292829,76.10292475953932
2013,FR,293.4268147544643,287.30710640625,1.243013382177,0.267132,France,20.27681475446434,14.157106406250023,67.90414882118176
2013,HR,295.8744302640264,290.2069283168317,0.404783248504,0.181169,Croatia,22.72443026402641,17.056928316831716,70.38361553418905
2013,HU,294.4595204559271,288.73538866261396,0.77186584407,1.073,Hungary,21.3095204559271,15.58538866261398,69.86211396742162
2013,IT,296.8381068225191,291.52456428435113,0.980161667069,0.570268,Italy,23.688106822519103,18.374564284351152,72.14935674478346
2013,LT,293.6024631527778,288.36537754166665,2.4027233109,0.8280419999999998,Lithuania,20.452463152777796,15.215377541666669,71.9161259384488
2013,LU,289.37863901907355,284.9608471934605,2.2371101398,1.34936,Luxembourg,16.22863901907357,11.810847193460518,75.09606624034684
2013,LV,294.4583610493047,287.06513390644756,2.02138900642,0.159871,Latvia,21.30836104930472,13.91513390644758,62.73583975864667
2013,MT,299.98798396284826,292.3460510526316,0.1049880981288,0.185404,Malta,26.837983962848284,19.196051052631617,62.968158048697035
2013,NL,289.20882560081463,285.822940203666,2.1313896165,0.168132,Netherlands,16.058825600814657,12.67294020366603,80.33958891252176
2013,PL,291.9634277755511,288.14113945891785,1.9469108594,0.224567,Poland,18.813427775551133,14.991139458917871,78.4800322511296
2013,RO,296.98821494723774,287.408125716946,2.133890153222,0.11056899999999999,Romania,23.83821494723776,14.25812571694604,55.01181775694556
2013,SE,286.0134238742755,282.77635274186355,6.03352165225,0.099888,Sweden,12.863423874275497,9.62635274186357,80.69813478750157
2013,SI,293.33066981981983,288.93262738738736,0.4820404049,0.143914,Slovenia,20.180669819819855,15.782627387387379,75.84099913516931
2013,SK,292.0868477685951,287.7443482231405,0.899799347,0.411405,Slovakia,18.9368477685951,14.594348223140514,75.91161432920622
2013,UK,285.5035987020649,282.4127778761062,1.56236648325,0.165813,United Kingdom,12.353598702064915,9.262777876106213,81.42644253518753
2014,AT,283.5895769603524,280.0808335242291,0.9019756326,0.278732,Austria,10.43957696035244,6.930833524229115,78.8828551398786
2014,BE,287.7149761904762,284.12572119047616,0.7099189761,0.494588,Belgium,14.564976190476216,10.975721190476179,79.06014386693641
2014,BG,293.4185095478444,287.0784648580442,1.07711792035,0.430318,Bulgaria,20.268509547844417,13.928464858044208,66.9396416977015
2014,CY,296.0340471435977,286.8480252203214,1.2778739909977,0.210613,Cyprus,22.88404714359774,13.698025220321426,56.194554025256906
2014,CZ,285.5841804229607,282.1784745015106,1.1092948919,0.21008899999999997,Czechia,12.434180422960708,9.02847450151063,79.7285960134123
2014,DE,285.44349878723403,282.15530053191486,1.4935111996,0.243104,Germany,12.293498787234057,9.005300531914884,80.34292994887049
2014,DK,283.92420580382577,280.46509313390317,7.3376083398,0.266269,Denmark,10.774205803825794,7.31509313390319,79.20076240756725
2014,EE,284.52037263027296,281.35680765508687,1.9566345216,0.663177,Estonia,11.370372630272982,8.206807655086891,80.89597954650645
2014,EL,295.51536163033177,289.6843065308057,1.7877407075160001,0.148673,Greece,22.36536163033179,16.534306530805736,69.58909643410007
2014,ES,296.2248376348548,288.08136228215767,0.35972595216,0.157098,Spain,23.074837634854816,14.931362282157693,60.161867978957126
2014,FI,281.8054037462727,279.48181899972894,8.82794380414,0.774511,Finland,8.655403746272725,6.3318189997289664,85.33564602339754
2014,FR,290.2395087388393,284.6773202455357,1.97315788372,0.331389,France,17.0895087388393,11.527320245535748,69.78163644938272
2014,HR,291.4433909240924,286.6823496369637,1.37222099418,0.502362,Croatia,18.29339092409242,13.532349636963716,73.7741797586025
2014,HU,288.5199050759878,284.58114316109425,1.15296173361,0.12255199999999998,Hungary,15.369905075987845,11.431143161094269,77.36948729023754
2014,IT,294.0118249141221,288.720731870229,2.10321044907,0.529775,Italy,20.86182491412211,15.570731870228997,71.7418612284985
2014,LT,285.3999910972222,282.12659737499996,2.0836353292,0.115453,Lithuania,12.249991097222221,8.976597374999983,80.41715723648548
2014,LU,285.4810586103542,281.7237634877384,1.2218818639,0.147182,Luxembourg,12.331058610354205,8.573763487738404,77.8425671972701
2014,LV,285.2393756637168,281.1512068394438,1.8788394943,0.20888499999999996,Latvia,12.08937566371685,8.001206839443796,76.07732221482638
2014,MT,296.9628163880289,290.27148338493294,1.61528015147,0.250418,Malta,23.81281638802892,17.121483384932958,66.17537099598967
2014,NL,287.1673135437882,283.7483305702648,1.6977710731,0.222098,Netherlands,14.017313543788248,10.598330570264807,79.88153550938536
2014,PL,285.9832738276553,282.8692881963928,1.5604591358,0.30431,Poland,12.833273827655319,9.719288196392824,81.36306172672269
2014,RO,288.51347729360646,282.7215630664184,3.4555339798,0.34627600000000003,Romania,15.36347729360648,9.571563066418435,68.38052621431864
2014,SE,282.57255437360675,279.62792111457867,4.81299590942,0.317735,Sweden,9.422554373606772,6.477921114578692,81.85386050347556
2014,SI,288.27999783783787,284.6133872072072,0.7043724067,0.327282,Slovenia,15.129997837837891,11.463387207207234,78.73826247724267
2014,SK,285.579430785124,282.76494607438013,1.0320396426,0.24619,Slovakia,12.429430785123998,9.614946074380157,82.96231441559605
2014,UK,284.5830312241888,281.35383411504426,1.9461956031,0.227518,United Kingdom,11.433031224188824,8.203834115044288,80.54503897484288
2015,AT,289.88022731277533,285.2644077092511,0.9017963412,0.314111,Austria,16.730227312775355,12.114407709251111,74.20735822477292
2015,BE,290.27967282312926,286.19488153061224,0.900346757,0.783883,Belgium,17.129672823129283,13.044881530612258,76.90301933829801
2015,BG,296.46261298633016,288.8604826077813,0.7330570214576,0.630768,Bulgaria,23.31261298633018,15.71048260778133,62.34401860952985
2015,CY,297.6361972783826,287.8302707568688,1.0868682851773,0.235576,Cyprus,24.486197278382633,14.680270756868822,54.37699133629068
2015,CZ,291.67519697885194,286.80625157099695,0.7413387297,0.302805,Czechia,18.525196978851966,13.656251570996972,73.29856036805006
2015,DE,290.9059171702128,286.37492614893614,1.5521507256,0.470649,Germany,17.755917170212797,13.224926148936163,74.79575633489448
2015,DK,286.2292001098901,283.2846993325194,9.49689864516,0.377575,Denmark,13.07920010989011,10.134699332519403,82.32327167627777
2015,EE,290.4311428287841,285.8121517121588,2.26165962227,0.315104,Estonia,17.28114282878414,12.662151712158845,74.28642125844782
2015,EL,298.27600545971563,291.88879401895736,0.1922302246334,1.05454,Greece,25.126005459715657,18.73879401895738,67.72298879073946
2015,ES,299.92279508298753,290.4973441701245,0.0906620027445,1.12996,Spain,26.772795082987557,17.34734417012453,56.28845743058848
2015,FI,286.16659685280564,282.4330877825969,9.28466988371,0.0516089,Finland,13.016596852805662,9.283087782596908,78.07253340929977
2015,FR,294.17936470982147,288.54197765624997,1.341753006743,0.0206145,France,21.029364709821493,15.391977656249992,70.19795333538319
2015,HR,297.10490742574257,290.62843491749175,0.1100082396087,0.0866135,Croatia,23.95490742574259,17.478434917491768,67.10948250193103
2015,HU,295.53436820668696,287.5003428267477,0.20829200762,0.108853,Hungary,22.384368206686986,14.350342826747749,60.42660490087531
2015,IT,297.6407102958015,291.87198535305345,0.1708469391901,0.133843,Italy,24.490710295801534,18.72198535305347,70.26732398258908
2015,LT,290.9932201527778,286.23888941666667,1.7889137283,0.0542385,Lithuania,17.843220152777803,13.088889416666689,73.72829232100447
2015,LU,290.8607104359673,285.8077365667575,1.33913230855,0.0744421,Luxembourg,17.710710435967314,12.657736566757535,72.2787769224506
2015,LV,290.768010619469,286.057222022756,2.4824466701,0.0557393,Latvia,17.618010619469032,12.907222022756002,73.89923589591612
2015,MT,299.93520254901966,291.94079327141384,0.0772037505171,0.0779585,Malta,26.785202549019687,18.79079327141386,61.5870243115223
2015,NL,288.85368399185336,285.98428786150714,2.0116767856,0.15105,Netherlands,15.703683991853381,12.834287861507164,83.0562099741168
2015,PL,291.28092262525047,286.9635153106213,1.2977199556,0.0843833,Poland,18.13092262525049,13.813515310621312,75.90488956784166
2015,RO,293.4612610738672,286.0794275356921,1.882450102695,0.0271407,Romania,20.31126107386723,12.929427535692128,62.55770526922475
2015,SE,286.6663194605439,283.46932802496656,6.66250992163,0.11640999999999999,Sweden,13.516319460543912,10.31932802496658,81.00311022062071
2015,SI,295.2687726126126,289.1560012612612,0.186624526954,0.174791,Slovenia,22.118772612612645,16.006001261261247,68.30357227306499
2015,SK,292.50594859504133,287.32605429752067,0.51173591573,0.0840917,Slovakia,19.355948595041355,14.176054297520693,71.98192332417726
2015,UK,285.3345770648968,282.5760142477876,1.97587776096,0.0379023,United Kingdom,12.184577064896814,9.426014247787634,83.24474139995415
2016,AT,286.904219030837,283.2441582378855,0.9045314796,0.0410663,Austria,13.754219030837021,10.094158237885495,78.56923796723878
2016,BE,289.50993146258503,285.78372227891157,0.494483946,0.4963099999999999,Belgium,16.359931462585052,12.633722278911591,78.61026501957075
2016,BG,294.41726692954785,286.7645563301788,0.544904707847,0.120105,Bulgaria,21.267266929547873,13.6145563301788,61.67809447733188
2016,CY,294.622580311042,285.0803667703473,1.3323268876491,0.122053,Cyprus,21.47258031104201,11.930366770347348,54.54925821398542
2016,CZ,288.60283404833837,284.082953836858,0.6447105396,0.110454,Czechia,15.452834048338389,10.932953836858019,74.4594386476222
2016,DE,288.3194684255319,284.2854331489362,0.9607715602,0.033553,Germany,15.169468425531932,11.135433148936215,76.85159784142547
2016,DK,284.87924059015063,282.03926675620676,10.2240581516,0.0326672,Denmark,11.729240590150653,8.88926675620678,82.73415257372127
2016,EE,285.4817335856079,282.74671413151367,2.1701278687,0.0335287,Estonia,12.331733585607935,9.596714131513693,83.39410653927455
2016,EL,297.0689867488152,290.67918595260664,1.052839279734,0.0326467,Greece,23.9189867488152,17.529185952606667,67.47024047794699
2016,ES,297.2968411825726,289.1485757676349,0.30239105195,0.167709,Spain,24.146841182572643,15.998575767634918,60.39256724027104
2016,FI,282.9753788235294,280.56844140417456,9.71903419176,0.0736815,Finland,9.825378823529434,7.418441404174587,84.97635971379324
2016,FR,292.5754770200893,287.27750896205356,1.16377258261,0.0757357,France,19.425477020089318,14.127508962053582,71.44634786157917
2016,HR,295.2764910561056,289.12797458745877,0.38173294076,0.0736347,Croatia,22.126491056105635,15.977974587458789,68.1494156450875
2016,HU,292.9255192097264,284.90666094224923,0.28120994538,0.12110499999999999,Hungary,19.77551920972644,11.756660942249255,59.87269772148881
2016,IT,296.09629128816795,290.852914980916,1.21253967335,0.0992689,Italy,22.94629128816797,17.702914980916034,72.33575310460722
2016,LT,287.0957877083334,282.98300620833334,0.85367393655,0.145324,Lithuania,13.945787708333398,9.833006208333359,76.25395605028115
2016,LU,288.61950147138964,284.3745978746594,0.9034423821,0.10715,Luxembourg,15.469501471389663,11.224597874659423,75.8328734745925
2016,LV,285.8911171428572,282.51586345132745,1.40668296794,0.037793,Latvia,12.741117142857206,9.36586345132747,79.93574436288986
2016,MT,298.38087737874093,291.34993240454077,0.893611908486,0.0463652,Malta,25.230877378740956,18.19993240454079,65.06771484648496
2016,NL,288.1020971690428,284.97769769857433,1.2209968563,0.035773,Netherlands,14.952097169042815,11.827697698574354,81.58366261810737
2016,PL,288.146265250501,284.11395240480965,0.73279571357,0.286316,Poland,14.99626525050104,10.963952404809675,76.83299947904563
2016,RO,289.60750029795156,282.6777528864059,1.12001609639,0.169891,Romania,16.457500297951583,9.527752886405949,63.57744900128862
2016,SE,284.23359413731606,281.51432668747213,8.0511207628,0.0730754,Sweden,11.083594137316084,8.364326687472158,83.33322666263058
2016,SI,292.5397609009009,287.15221072072075,0.28730964612,0.0564905,Slovenia,19.38976090090091,14.002210720720768,71.02617289499969
2016,SK,289.20907818181814,283.72705954545455,0.15322113058,0.0667945,Slovakia,16.059078181818165,10.577059545454574,69.95222830133787
2016,UK,284.91925030973454,282.17818115044247,1.96368026846,0.054417799999999995,United Kingdom,11.76925030973456,9.028181150442492,83.29286023667237
2017,AT,289.99150907488985,285.0583119823788,0.93558311452,0.255268,Austria,16.84150907488987,11.908311982378848,72.69197832749651
2017,BE,291.4507694897959,286.6905456802721,0.43345069784,0.358034,Belgium,18.300769489795925,13.540545680272146,73.77938286643561
2017,BG,297.80136119873816,288.763116340694,0.8226013172952,0.147044,Bulgaria,24.651361198738186,15.613116340694035,57.16870073044097
2017,CY,298.1661134007258,287.75191513219283,1.3240089426006,0.448621,Cyprus,25.01611340072583,14.601915132192858,52.417090895095164
2017,CZ,292.0121588217522,285.84512181268883,0.82480621289,0.178807,Czechia,18.862158821752246,12.695121812688853,67.40739153625384
2017,DE,291.5606794042553,285.4642074893617,1.089767455,0.147436,Germany,18.410679404255347,12.314207489361706,67.6273022413992
2017,DK,286.05789822547825,282.646374004884,6.49591255396,0.0898177,Denmark,12.907898225478277,9.496374004884046,79.76469417509011
2017,EE,289.0644613399504,285.307884751861,2.327774048,0.0905052,Estonia,15.914461339950435,12.157884751861047,78.38796095240656
2017,EL,299.3427272511848,292.0716354881516,0.1792602543295,0.089748,Greece,26.192727251184806,18.92163548815165,64.29990065891037
2017,ES,300.9739079460581,289.97803234439834,0.15026855446,0.111553,Spain,27.823907946058114,16.828032344398366,51.21364397001907
2017,FI,285.38569935754947,281.8609961181892,9.23345946744,0.143186,Finland,12.235699357549493,8.7109961181892,79.06217910809332
2017,FR,295.2931128236607,288.4843880245536,0.9696292887307,0.0366087,France,22.143112823660715,15.334388024553618,65.3329156124325
2017,HR,297.8905866666667,289.56730300330037,0.0958709716792,0.0402582,Croatia,24.74058666666673,16.41730300330039,59.85983245634351
2017,HU,296.52447972644376,284.7023096656535,0.099996566797,0.041888,Hungary,23.37447972644378,11.552309665653524,47.39647456879615
2017,IT,299.1467764312977,292.8611392461832,0.3117923724791,0.375472,Italy,25.996776431297747,19.711139246183222,68.32528261310578
2017,LT,290.822410875,286.41737868055554,2.3458538072,0.0935634,Lithuania,17.672410875000025,13.267378680555566,75.3987497167561
2017,LU,291.7410544959128,285.7235773297003,1.23998832667,0.134287,Luxembourg,18.59105449591283,12.5735773297003,68.0156530949916
2017,LV,290.38493452591655,286.0171173072061,2.3653259289,0.08451820000000002,Latvia,17.23493452591657,12.867117307206115,75.51014545792228
2017,MT,301.40277042311664,292.5730389164087,0.0918140413074,0.072983,Malta,28.252770423116658,19.4230389164087,58.7906301175588
2017,NL,290.17766478615073,286.70112181262726,1.1580123903,0.0844422,Netherlands,17.02766478615075,13.551121812627287,79.9982669600273
2017,PL,291.4154939679359,286.6790249298597,1.1694984434,0.0752129,Poland,18.265493967935925,13.529024929859702,73.8874054322311
2017,RO,294.5631769522036,286.2779552948479,3.43317413223,0.290238,Romania,21.413176952203628,13.127955294847936,59.22142737176662
2017,SE,285.7815176370932,282.4238134641106,5.72498702755,0.754986,Sweden,12.631517637093225,9.273813464110617,80.01472735372913
2017,SI,295.9137471171171,287.98390144144145,0.22260475146,0.112124,Slovenia,22.763747117117134,14.83390144144147,60.922485789427014
2017,SK,292.573599338843,285.65992495867766,0.39006423904,0.0594847,Slovakia,19.42359933884302,12.509924958677686,64.30447719822375
2017,UK,285.3899407374631,282.32512731563423,1.45961761465,0.0594293,United Kingdom,12.239940737463144,9.175127315634256,81.5541671642225
2018,AT,285.2788113215859,281.74518427312773,0.9337577819,0.11611299999999998,Austria,12.128811321585943,8.595184273127757,78.99880341893709
2018,BE,287.7612143537415,283.1897467687075,0.56466102629,0.261044,Belgium,14.611214353741502,10.039746768707516,74.05869905421083
2018,BG,294.18553550998945,287.0897477392219,0.498954772813,0.390925,Bulgaria,21.035535509989472,13.9397477392219,63.89689930233444
2018,CY,295.4012342664593,285.2297582063245,0.6408615100887,0.112315,Cyprus,22.251234266459335,12.079758206324527,52.53136204632819
2018,CZ,287.51832836858006,282.9550258912387,0.5433883669,0.0909835,Czechia,14.36832836858008,9.8050258912387,74.05684574595332
2018,DE,286.7947235531915,282.3382751702128,0.8735389706,0.125574,Germany,13.644723553191511,9.188275170212819,74.4642851908596
2018,DK,283.1841368009768,279.6911981359381,10.7262763906,0.220467,Denmark,10.034136800976796,6.541198135938146,78.9081747002339
2018,EE,285.41020317617864,282.28586900744415,2.4228706376,0.399116,Estonia,12.260203176178663,9.135869007444171,81.23056871030902
2018,EL,296.4246795734597,290.43066510900474,1.2591495518439,0.276484,Greece,23.274679573459707,17.280665109004758,69.04875704122982
2018,ES,296.5053063485477,287.6516912655602,0.379175185969,0.0947657,Spain,23.355306348547742,14.501691265560225,57.53473224376726
2018,FI,281.9495407915424,279.4535602033071,10.9406623825,0.385621,Finland,8.799540791542427,6.303560203307143,84.34410674050565
2018,FR,290.90631120535716,285.3490906361607,2.0466651916,0.48371,France,17.75631120535718,12.199090636160747,69.9342179565278
2018,HR,293.3763591089109,287.8298325412541,1.2217941278,0.142304,Croatia,20.226359108910913,14.679832541254143,70.45649876526736
2018,HU,292.20087352583585,283.7741536170213,0.46022796619,0.249042,Hungary,19.05087352583587,10.624153617021307,58.10355965640598
2018,IT,294.86081916030537,289.93861271946565,3.07731819005,0.906382,Italy,21.71081916030539,16.788612719465675,73.60123156824768
2018,LT,286.9968049166667,283.0873015416667,1.20997619518,1.72989,Lithuania,13.846804916666713,9.937301541666727,77.28313087417774
2018,LU,286.5379496730245,282.1918154495913,1.2229690547,2.0303,Luxembourg,13.387949673024536,9.041815449591297,74.97562963433035
2018,LV,286.1321048040455,282.2503105689001,1.6543712608,2.8628600000000004,Latvia,12.982104804045548,9.100310568900113,77.29163489129897
2018,MT,297.9921734571723,290.9123385964912,1.013893127857,1.67889,Malta,24.84217345717235,17.762338596491247,64.78572268603129
2018,NL,287.3268925254582,283.4560240733197,1.4648914357,1.68536,Netherlands,14.176892525458243,10.306024073319747,77.53431557440635
2018,PL,287.65221715430863,283.4753767134269,0.89231300393,1.89704,Poland,14.502217154308653,10.32537671342692,76.01840460427934
2018,RO,290.0400607386716,283.3435283923029,1.711465834269,3.05019,Romania,16.89006073867165,10.193528392302937,64.67523109268014
2018,SE,282.1740178912171,279.09561843513154,7.4612083478,1.9047600000000002,Sweden,9.024017891217113,5.945618435131564,81.04950804388011
2018,SI,290.58706054054056,285.8267516216216,0.5558013917,2.0513,Slovenia,17.437060540540585,12.676751621621634,73.62870202274814
2018,SK,288.6005324793388,283.2035107024794,0.475326538,2.25245,Slovakia,15.450532479338847,10.0535107024794,70.23140163788534
2018,UK,283.40568616519175,279.9292010176991,2.2590942408,3.4450400000000005,United Kingdom,10.255686165191776,6.779201017699108,79.03029993436041
2019,AT,289.6897822026432,283.97186233480176,0.9827442149,1.66667,Austria,16.53978220264321,10.821862334801779,68.95704868524531
2019,BE,291.237583707483,286.37766105442176,0.46606254536,1.66667,Belgium,18.08758370748302,13.227661054421787,73.2646027738393
2019,BG,297.8143463091483,289.81987813880124,0.2440414425884,1.66954,Bulgaria,24.6643463091483,16.669878138801266,61.10646305550465
2019,CY,298.11985498185584,287.42802012960084,0.6153736096744999,2.41379,Cyprus,24.96985498185586,14.278020129600861,51.473289935689714
2019,CZ,291.849033836858,285.4541532930514,0.7013530728,2.2619,Czechia,18.699033836858007,12.3041532930514,66.37372984779594
2019,DE,291.09325876595744,285.1598971914894,1.1082496645,1.78571,Germany,17.943258765957466,12.009897191489415,68.26111790693085
2019,DK,286.651648005698,283.1580379080179,7.22674369916,2.65556,Denmark,13.50164800569803,10.008037908017911,79.41155570569194
2019,EE,290.24401713399504,285.805379528536,1.8239593527,2.12636,Estonia,17.094017133995067,12.655379528536002,75.13761317641791
2019,EL,298.7583881327014,292.14778047393366,0.2233085632719,1.66609,Greece,25.608388132701407,18.997780473933688,66.88110060784298
2019,ES,299.0599499585062,289.6341124481328,0.254188537101,1.66765,Spain,25.909949958506218,16.484112448132805,56.07580510632474
2019,FI,287.6539790918948,283.809892024939,8.87042426685,1.61815,Finland,14.503979091894848,10.65989202493904,77.72321669424355
2019,FR,294.1351517075893,287.67947597098214,1.257415770771,1.89615,France,20.985151707589296,14.529475970982162,66.58846146131069
2019,HR,296.8683300660066,290.2252415181518,0.43965911782,1.66641,Croatia,23.718330066006615,17.075241518151813,66.35817807017705
2019,HU,295.7908331610942,286.782504893617,0.43568992598,2.15382,Hungary,22.640833161094235,13.63250489361701,56.78697046961351
2019,IT,297.8917359637405,291.97453378816795,0.95750236494,2.67196,Italy,24.741735963740496,18.82453378816797,69.66553245562616
2019,LT,291.3257849722222,285.77395815277777,1.12774276718,1.86059,Lithuania,18.17578497222223,12.623958152777789,70.04014891080524
2019,LU,290.7270953950954,284.91823479564033,0.9881019585599999,1.66552,Luxembourg,17.577095395095398,11.768234795640353,68.74968109057926
2019,LV,290.9356932364096,285.77340437420986,1.46184921336,2.00455,Latvia,17.7856932364096,12.623404374209883,71.7765757201748
2019,MT,299.8930825902993,292.6269135087719,0.4072227477455,2.09574,Malta,26.74308259029931,19.47691350877193,64.43705830886782
2019,NL,290.26243073319756,286.63976276985744,0.79592323212,1.95011,Netherlands,17.112430733197584,13.489762769857464,79.25298883272653
2019,PL,291.7637562124248,286.18821945891784,0.90597724824,2.16771,Poland,18.613756212424846,13.038219458917865,70.01601615537153
2019,RO,294.07365808814404,286.2273361018001,2.587011334349,1.6661099999999998,Romania,20.923658088144066,13.077336101800142,60.826003164142165
2019,SE,286.8327642844405,283.1950160945163,5.61617278985,2.26349,Sweden,13.682764284440509,10.045016094516313,78.67593424653327
2019,SI,295.0156109009009,287.4805574774775,0.3251838682,4.19575,Slovenia,21.865610900900947,14.330557477477498,62.28707223696803
2019,SK,292.7701117768595,285.053637107438,0.30339050298,3.00394,Slovakia,19.620111776859517,11.903637107438044,61.041632624542466
2019,UK,285.95919482300883,283.1696412536873,1.6176357274,2.54541,United Kingdom,12.809194823008852,10.019641253687325,83.14710876537119
2020,AT,284.83347211453747,281.22840863436124,0.9872589109,1.66667,Austria,11.683472114537494,8.078408634361267,78.55120628894205
2020,BE,288.24005146258503,284.67856605442176,0.6776695245,1.66667,Belgium,15.090051462585052,11.528566054421788,79.28161630400606
2020,BG,292.4247150788643,284.6957045320715,1.210035323524,2.26884,Bulgaria,19.274715078864347,11.545704532071511,60.91059796765488
2020,CY,293.35618462934167,283.9656429756351,2.359813692299,2.27519,Cyprus,20.206184629341692,10.815642975635114,54.77514549126271
2020,CZ,286.05745703927494,282.28956163141993,0.8564147954,2.38592,Czechia,12.90745703927496,9.139561631419951,77.8753702321594
2020,DE,286.26849970212766,282.9656628510639,1.4213523844,2.1982200000000005,Germany,13.118499702127679,9.815662851063905,80.37796358804377
2020,DK,284.3482776963777,280.9263951282051,6.82045173793,1.71371,Denmark,11.198277696377716,7.776395128205138,79.4639914964255
2020,EE,283.95344348635234,281.18411975186103,2.04131507716,1.67946,Estonia,10.803443486352364,8.034119751861056,83.0166970977833
2020,EL,295.978778028436,289.4450956398104,0.9844169606426,2.62422,Greece,22.828778028436034,16.295095639810427,66.63660788444979
2020,ES,296.45512605809125,289.5842583609959,0.351085662499,2.51128,Spain,23.305126058091275,16.434258360995898,65.31997236267388
2020,FI,282.70082481702354,279.79986953645977,5.70623015777,1.67844,Finland,9.550824817023567,6.649869536459789,82.11670912444853
2020,FR,291.2915169754464,286.228153125,1.7626228316,1.9469,France,18.14151697544645,13.078153125000028,72.30785042092592
2020,HR,292.2499710561056,287.07264623762376,0.87773895171,2.59792,Croatia,19.09997105610563,13.92264623762378,71.94722545884802
2020,HU,288.53865334346506,282.83856021276597,0.8466930386,2.34029,Hungary,15.38865334346508,9.688560212765992,68.80822123507471
2020,IT,294.846126230916,289.6262333206107,1.566759108069,2.32084,Italy,21.696126230916036,16.47623332061073,72.21987929232311
2020,LT,285.1564495972222,282.11870072222223,2.5441112541,2.56007,Lithuania,12.006449597222229,8.968700722222252,81.67249756202133
2020,LU,286.95887572207084,283.1982077111717,1.4788455982,1.81518,Luxembourg,13.808875722070866,10.048207711171699,78.05066798874132
2020,LV,284.1101190644753,281.4943060303413,2.5921363813,2.7232799999999995,Latvia,10.96011906447535,8.344306030341329,83.90494741738752
2020,MT,297.746655995872,291.7085945614035,0.920419692972,2.12074,Malta,24.596655995872027,18.558594561403538,69.11333065216095
2020,NL,287.6528204480652,284.1292106313646,1.5884208656,2.34339,Netherlands,14.502820448065222,10.979210631364595,79.39645108306277
2020,PL,285.8526280561122,282.2637090180361,1.3969497683,2.30694,Poland,12.702628056112246,9.113709018036104,78.78892861479315
2020,RO,286.3231013594041,282.22524707635006,5.414045331,1.84772,Romania,13.173101359404143,9.075247076350081,76.20478974704999
2020,SE,283.81862917521175,280.66718424431565,5.74780845212,1.94317,Sweden,10.668629175211777,7.517184244315672,80.86728150798034
2020,SI,289.4434569369369,285.331998018018,0.5102539074,1.87276,Slovenia,16.293456936936934,12.181998018018021,76.63712637447205
2020,SK,285.4925716528926,281.1325836363636,0.6963634498,1.98845,Slovakia,12.342571652892616,7.982583636363643,74.72675759032445
2021,AT,287.27126823788547,283.83974030837004,1.3522338846,2.92165,Austria,14.121268237885488,10.689740308370062,79.82947985712097
2021,BE,289.580627414966,285.52765544217687,1.0907630916,1.69868,Belgium,16.43062741496601,12.377655442176888,76.95388410291866
2021,BG,297.64394843322816,290.82513139852784,0.901302336112,2.20313,Bulgaria,24.493948433228184,17.675131398527867,65.78585161604255
2021,CY,299.1768066925868,288.92452872472785,0.8324775702068,3.33212,Cyprus,26.02680669258683,15.774528724727872,53.22533972935476
2021,CZ,290.12573012084596,285.18118912386706,0.961753844,1.84588,Czechia,16.97573012084598,12.03118912386708,72.6618561355011
2021,DE,289.03863578723406,284.5522440425532,1.6064987158,3.00654,Germany,15.88863578723408,11.402244042553207,74.6993430231985
2021,DK,286.7471313838014,283.32030865282866,8.60272597823,2.69231,Denmark,13.597131383801411,10.17030865282868,79.78055895123612
2021,EE,290.67253367245655,285.74382802729525,2.5608940122,1.45331,Estonia,17.522533672456575,12.593828027295274,72.83572237772049
2021,EL,298.4192741042654,292.6442252511848,0.3469238280577,1.66603,Greece,25.269274104265435,19.494225251184844,70.38506977352374
2021,ES,299.5570258298755,290.07397039419084,0.22885513296079998,1.72654,Spain,26.407025829875522,16.92397039419086,55.99427644481255
2021,FI,287.4949758498238,283.83443298454864,10.4580917378,2.0445,Finland,14.344975849823811,10.684432984548664,78.65427943561504
2021,FR,292.76221565848215,287.7329471875,1.9683647145116,2.04964,France,19.61221565848217,14.582947187499997,72.73261863520423
2021,HR,295.41480722772275,290.504890660066,0.664993285976,2.44831,Croatia,22.26480722772277,17.35489066006602,73.75353983439442
2021,HU,293.5509285714286,288.3746963221884,1.0020561222,2.83467,Hungary,20.400928571428608,15.224696322188436,72.18838809728439
2021,IT,296.80802227099235,291.83186485687025,0.6329002375177,2.11905,Italy,23.658022270992376,18.681864856870277,73.68430096565297
2021,LT,291.5998602083333,285.9123812222222,2.32724761736,3.70989,Lithuania,18.449860208333348,12.762381222222245,69.47363187555867
2021,LU,288.43915833787463,284.73435297002726,1.8062515248,1.5284400000000002,Luxembourg,15.289158337874653,11.584352970027282,78.56314034954084
2021,LV,291.65168007585333,285.5011114917826,2.04655074969,2.21023,Latvia,18.501680075853358,12.351111491782603,67.40607665397148
2021,MT,300.12720054695563,292.238271001032,0.057106017981,2.19321,Malta,26.977200546955658,19.088271001032012,62.0368916721581
2021,NL,289.08831099796333,285.40747751527493,1.7724227906,2.10134,Netherlands,15.938310997963356,12.257477515274957,78.78282636113815
2021,PL,290.9294935671343,286.03571963927857,1.6103553755,1.8661,Poland,17.779493567134296,12.88571963927859,73.04835559655288
2021,RO,294.5372555555556,286.2020029919305,2.501419066096,2.12431,Romania,21.387255555555612,13.052002991930522,59.02209719247652
2021,SE,286.9711288854213,283.4037613687026,6.52710723996,2.88361,Sweden,13.82112888542133,10.253761368702612,79.06717885288369
2021,SI,292.6691572072072,288.4103445945946,0.5376434326,1.68067,Slovenia,19.51915720720723,15.260344594594642,76.41475255379254
2021,SK,290.78366657024793,286.5039840082644,1.0424003588,1.96435,Slovakia,17.633666570247954,13.353984008264433,76.01099434256972
2022,AT,285.33613704845817,282.4010266079295,0.9382610302,2.17316,Austria,12.186137048458193,9.251026607929532,82.2624043032657
2022,BE,289.5200497278912,286.21567714285715,0.2660827637,2.68518,Belgium,16.370049727891228,13.065677142857169,80.81124196227098
2022,BG,292.84633584647736,287.18667531019975,2.54665565538,3.98148,Bulgaria,19.696335846477382,14.036675310199769,69.8420530431726
2022,CY,294.42788656298603,286.3698511612234,3.2665481566154,3.651,Cyprus,21.277886562986055,13.219851161223403,60.07361696204839
2022,CZ,288.24207803625376,285.08301141993957,1.0269107822,3.16772,Czechia,15.092078036253781,11.93301141993959,81.41562213251876
2022,DE,287.96273593617025,285.0482678510638,1.03288459892,3.1075,Germany,14.81273593617027,11.89826785106385,82.70293764777368
2022,DK,285.03640070818074,281.7513827431828,5.85077285762,1.59177,Denmark,11.886400708180759,8.601382743182796,80.30365020392185
2022,EE,285.09066325062037,281.0906224069479,1.05191802804,1.66746,Estonia,11.94066325062039,7.940622406947909,76.51016781165019
2022,EL,295.49801747867303,290.21058854028433,2.166999817179,1.63776,Greece,22.348017478673057,17.060588540284357,72.02787156925632
2022,ES,297.79382651452283,290.34277008298756,0.86478424019,1.67012,Spain,24.643826514522857,17.19277008298758,63.243063185168914
2022,FI,282.2192133911629,278.94829245595014,7.16836166374,1.66667,Finland,9.069213391162918,5.798292455950161,79.98410108702097
2022,FR,292.21037106026785,287.3784983482143,1.72241210908,1.66667,France,19.06037106026787,14.228498348214316,73.56871336976013
2022,HR,291.6997420792079,287.7963588448845,1.8546390549,2.45107,Croatia,18.54974207920793,14.646358844884503,78.03223949265539
2022,HU,289.90554468085105,286.2712075075988,1.5063228613,2.16931,Hungary,16.755544680851074,13.121207507598797,79.14167370513101
2022,IT,295.18641149809156,290.61703050572515,1.604663848446,1.48463,Italy,22.03641149809158,17.467030505725177,75.31821268793527
2022,LT,286.56769293055555,281.95654577777776,0.72221374355,2.26861,Lithuania,13.417692930555575,8.806545777777785,73.6520088429211
2022,LU,287.5850442234333,284.20237959128065,0.71322250361,1.91598,Luxembourg,14.435044223433295,11.052379591280669,80.13300981618671
2022,LV,285.58340759797727,280.66761313527184,0.80500984085,2.31079,Latvia,12.433407597977293,7.5176131352718585,71.9669512863902
2022,MT,298.71364872033024,291.3173218369453,0.4688415522668,1.7,Malta,25.563648720330264,18.167321836945348,63.66274353721909
2022,NL,288.7809870672098,286.0639261303462,0.55746078466,2.28395,Netherlands,15.630987067209844,12.913926130346226,83.87932360777434
2022,PL,288.21875989979964,284.18326168336677,0.661388397,1.99483,Poland,15.068759899799659,11.033261683366788,76.82822226541649
2022,RO,288.93139402234635,281.40971951582867,2.27238273683,2.46224,Romania,15.781394022346376,8.259719515828692,60.9345727296123
2022,SE,283.24166410610786,279.9366204413732,5.12000465126,2.26897,Sweden,10.091664106107885,6.786620441373202,79.94178169823492
2022,SI,289.5630311711712,286.40060063063066,0.62986374,1.7644400000000002,Slovenia,16.413031171171212,13.250600630630686,81.56896680066895
2022,SK,288.1947552479339,284.4528861570248,0.6592864992,1.79105,Slovakia,15.04475524793395,11.30288615702483,78.33451061787729
2023,AT,291.24156308370044,284.9006361674009,0.68037986849,2.45134,Austria,18.091563083700464,11.750636167400899,66.4818526244986
2023,BE,291.63530928571424,286.6964298979592,0.9343833905,1.75875,Belgium,18.485309285714266,13.546429897959229,72.95890786640246
2023,BG,297.69126138801266,290.4148196845426,0.7749690999837,1.68076,Bulgaria,24.541261388012686,17.2648196845426,63.92275156508372
2023,CY,298.8764377034733,289.11287468636596,1.0441341413887,2.58302,Cyprus,25.726437703473323,15.962874686365979,54.836845917987354
2023,CZ,294.88307114803627,286.2041664954683,0.67695617705,1.7261000000000002,Czechia,21.733071148036288,13.054166495468337,57.79460120381885
2023,DE,293.0459015957447,286.52835385106386,1.2823925008,2.21565,Germany,19.895901595744704,13.378353851063878,66.09431252127212
2023,DK,287.2266656166056,283.9458723158323,7.39996528174,2.02564,Denmark,14.076665616605624,10.795872315832298,80.62761301753912
2023,EE,289.92960210918113,284.4362712406948,0.87871932864,2.8651799999999996,Estonia,16.779602109181155,11.286271240694816,70.03982526098304
2023,EL,298.99182990521325,292.774342521327,0.7339534755283,2.85965,Greece,25.841829905213274,19.624342521327037,68.58458853207667
2023,ES,299.9149315352697,291.43607641078836,0.357490539937,1.89964,Spain,26.76493153526974,18.286076410788382,59.742673521657906
2023,FI,286.62843492816484,282.93806111412306,7.935993195,2.2963,Finland,13.478434928164859,9.788061114123082,78.3688473566009
2023,FR,294.63709784598217,288.4728475558036,2.242395402475,1.69643,France,21.48709784598219,15.322847555803605,67.95290204470628
2023,HR,297.27692587458745,291.65270455445545,0.59589958249,3.29409,Croatia,24.12692587458747,18.502704554455477,70.8375101843196
2023,HU,296.64206936170217,288.314712887538,0.68489456203,1.9250999999999998,Hungary,23.492069361702193,15.16471288753803,59.55184511176497
2023,IT,298.1112898568702,292.75361306297714,1.162740707554,2.26456,Italy,24.961289856870224,19.60361306297716,72.1771558087534
2023,LT,293.55093558333334,284.21857319444445,0.242507934585,2.06061,Lithuania,20.400935583333364,11.068573194444468,55.03685489841595
2023,LU,292.07765732970023,285.84557021798366,1.1826209998,3.7343699999999997,Luxembourg,18.927657329700253,12.695570217983686,67.13427537806449
2023,LV,291.45700314791407,283.7787606700379,0.385686874012,1.93615,Latvia,18.307003147914088,10.628760670037934,60.88903377961971
2023,MT,300.5254959236326,293.25826905056755,0.65986251768,2.55896,Malta,27.375495923632627,20.10826905056757,64.56709971895069
2023,NL,290.2274689613035,287.0675776985743,1.5356559764,6.21267,Netherlands,17.07746896130351,13.917577698574348,81.66777074302037
2023,PL,294.17038106212425,285.81059539078154,0.34435844413,7.76796,Poland,21.020381062124272,12.660595390781566,58.839578414481785
2023,RO,295.07166379267534,285.0514165921788,1.175188064998,6.35536,Romania,21.92166379267536,11.901416592178805,52.97121864687519
2023,SE,287.33270457868923,283.6051718903255,4.06501769737,7.17661,Sweden,14.182704578689254,10.455171890325516,78.28002190334622
2023,SI,295.6124046846847,289.39096153153156,0.2951412205,5.72931,Slovenia,22.462404684684714,16.240961531531582,67.90015451219696
2023,SK,295.01782491735537,286.50743892561985,0.36203765817,7.37851,Slovakia,21.867824917355392,13.357438925619874,58.46628829667323
